Step,CartPole-v1__ppo__1__1776570508 - losses/clipfrac
52,0
101,0
158,0
203,0
256,0
295,0
328,0
369,0
394,0
425,0
452,0
479,0
504,0
525,0
550,0
575,0
592,0
613,0.000488281
630,0
643,0
660,0
677,0
692,0
709,0.026855469
726,0
747,0
764,0
777,0
792,0
807,0
824,0
837,0
854,0
869,0
884,0
897,0
914,0
927,0
942,0
961,0
976,0
995,0
1010,0
1027,0
1040,0
1057,0
1072,0
1085,0
1100,0
1115,0
1126,0
1145,0
1156,0
1171,0
1188,0
1203,0
1216,0
1231,0
1246,0
1257,0
1272,0
1285,0
1296,0
1313,0
1324,0
1341,0
1356,0
1367,0
1382,0
1395,0
1410,0
1425,0
1436,0
1453,0
1466,0
1481,0
1496,0
1507,0
1518,0
1535,0
1550,0
1561,0
1574,0
1587,0
1602,0
1611,0
1626,0
1637,0
1650,0
1663,0
1672,0
1683,0.000976563
1696,0
1709,0
1722,0
1737,0
1750,0
1763,0
1774,0
1789,0
1802,0
1813,0
1828,0
1843,0
1856,0
1871,0
1882,0
1893,0
1908,0
1921,0
1930,0
1947,0.002441406
1958,0
1969,0
1984,0
1997,0
2010,0
2021,0
2034,0.000488281
2045,0
2060,0
2073,0
2086,0
2097,0
2110,0
2121,0
2132,0
2143,0
2156,0
2167,0
2176,0
2189,0
